timestamp,workbook_filename,sheet_name_raw,sheet_name_sanitized,sample_name,sample_index,initial_length_mm,thickness_mm,width_mm,area_mm2,modulus_pa,modulus_gpa,r_value,n_points,strain_fit_min,strain_fit_max,notes,tags,curve_strain,curve_stress
2025-12-03T22:17:18.318990,temp_uploaded.xlsx,ASTM D882 results TR3-2 - Contr,ASTM_D882_results_TR3-2_-_Contr,ASTM_D882_results_TR3-2_-_Contr-1,1,100.0,0.89,25.4,22.606,1500665859.9574144,1.5006658599574143,0.9991631831322711,108,0.0,0.018,TR3-2,Wave-3,,
2025-12-03T22:17:18.318990,temp_uploaded.xlsx,ASTM D882 results TR3-2 - Contr,ASTM_D882_results_TR3-2_-_Contr,ASTM_D882_results_TR3-2_-_Contr-2,2,100.0,0.89,25.4,22.606,1498655179.7943728,1.4986551797943728,0.9992384265574958,107,0.0,0.018,TR3-2,Wave-3,,
2025-12-03T22:17:18.318990,temp_uploaded.xlsx,ASTM D882 results TR3-2 - Contr,ASTM_D882_results_TR3-2_-_Contr,ASTM_D882_results_TR3-2_-_Contr-3,3,100.0,0.89,25.4,22.606,1506886508.7132638,1.5068865087132637,0.9993383798403294,106,0.0,0.018,TR3-2,Wave-3,,
2025-12-03T22:17:18.319989,temp_uploaded.xlsx,ASTM D882 results TR3-2 - Contr,ASTM_D882_results_TR3-2_-_Contr,ASTM_D882_results_TR3-2_-_Contr-4,4,100.0,0.89,25.4,22.606,1481285781.0785737,1.4812857810785736,0.9993144689840844,107,0.0,0.018,TR3-2,Wave-3,,
2025-12-03T22:17:18.319989,temp_uploaded.xlsx,ASTM D882 results TR3-2 - Contr,ASTM_D882_results_TR3-2_-_Contr,ASTM_D882_results_TR3-2_-_Contr-5,5,100.0,0.89,25.4,22.606,1502791622.7964094,1.502791622796409,0.9990200555466664,108,0.0,0.018,TR3-2,Wave-3,,
2025-12-03T22:21:41.775484,temp_uploaded.xlsx,ASTM D882 results TR3-4 - Contr,ASTM_D882_results_TR3-4_-_Contr,ASTM_D882_results_TR3-4_-_Contr-1,1,125.0,1.5,25.4,38.1,1561694281.0497887,1.5616942810497887,0.9992106018997806,290,0.0,0.01,TR3-4,Wave-3,,
2025-12-03T22:21:41.775484,temp_uploaded.xlsx,ASTM D882 results TR3-4 - Contr,ASTM_D882_results_TR3-4_-_Contr,ASTM_D882_results_TR3-4_-_Contr-2,2,125.0,1.5,25.4,38.1,1600656530.8494782,1.6006565308494782,0.9994902440298812,289,0.0,0.01,TR3-4,Wave-3,,
2025-12-03T22:21:41.775989,temp_uploaded.xlsx,ASTM D882 results TR3-4 - Contr,ASTM_D882_results_TR3-4_-_Contr,ASTM_D882_results_TR3-4_-_Contr-3,3,125.0,1.5,25.4,38.1,1630391331.7835057,1.6303913317835057,0.9983336505266156,294,0.0,0.01,TR3-4,Wave-3,,
2025-12-03T22:21:41.775989,temp_uploaded.xlsx,ASTM D882 results TR3-4 - Contr,ASTM_D882_results_TR3-4_-_Contr,ASTM_D882_results_TR3-4_-_Contr-4,4,125.0,1.5,25.4,38.1,1591744914.3359606,1.5917449143359603,0.999077606986574,291,0.0,0.01,TR3-4,Wave-3,,
2025-12-03T22:21:41.775989,temp_uploaded.xlsx,ASTM D882 results TR3-4 - Contr,ASTM_D882_results_TR3-4_-_Contr,ASTM_D882_results_TR3-4_-_Contr-5,5,125.0,1.5,25.4,38.1,1582651012.0690987,1.5826510120690986,0.9988145887410592,295,0.0,0.01,TR3-4,Wave-3,,
2025-12-03T22:37:14.512955,temp_uploaded.xlsx,ASTM D882 results SABAROLL 1 - ,ASTM_D882_results_SABAROLL_1_-,ASTM_D882_results_SABAROLL_1_--1,1,100.0,0.89,25.4,22.606,1638662892.380831,1.638662892380831,0.9985656587462252,102,0.0,0.017,TR4-1 BI,"Ball-Impact, High-IV, Wave-4",,
2025-12-03T22:37:14.513954,temp_uploaded.xlsx,ASTM D882 results SABAROLL 1 - ,ASTM_D882_results_SABAROLL_1_-,ASTM_D882_results_SABAROLL_1_--2,2,100.0,0.89,25.4,22.606,1630821196.7738514,1.6308211967738513,0.9988551794479816,102,0.0,0.017,TR4-1 BI,"Ball-Impact, High-IV, Wave-4",,
2025-12-03T22:37:14.513954,temp_uploaded.xlsx,ASTM D882 results SABAROLL 1 - ,ASTM_D882_results_SABAROLL_1_-,ASTM_D882_results_SABAROLL_1_--3,3,100.0,0.89,25.4,22.606,1607323692.6008525,1.6073236926008525,0.998923854557316,102,0.0,0.017,TR4-1 BI,"Ball-Impact, High-IV, Wave-4",,
2025-12-03T22:37:51.406776,temp_uploaded.xlsx,ASTM D882 results SABAROLL 3 - ,ASTM_D882_results_SABAROLL_3_-,ASTM_D882_results_SABAROLL_3_--1,1,100.0,0.89,25.4,22.606,1443947775.813449,1.443947775813449,0.9994467389248144,419,0.0,0.018,TR4-3 BI,"Ball-Impact, Wave-4",,
2025-12-03T22:37:51.407777,temp_uploaded.xlsx,ASTM D882 results SABAROLL 3 - ,ASTM_D882_results_SABAROLL_3_-,ASTM_D882_results_SABAROLL_3_--2,2,100.0,0.89,25.4,22.606,1453064477.0924597,1.4530644770924597,0.9995279578588858,422,0.0,0.018,TR4-3 BI,"Ball-Impact, Wave-4",,
2025-12-03T22:37:51.407777,temp_uploaded.xlsx,ASTM D882 results SABAROLL 3 - ,ASTM_D882_results_SABAROLL_3_-,ASTM_D882_results_SABAROLL_3_--3,3,100.0,0.89,25.4,22.606,1425494647.2635942,1.425494647263594,0.9995157358262944,419,0.0,0.018,TR4-3 BI,"Ball-Impact, Wave-4",,
2025-12-03T22:39:28.358284,temp_uploaded.xlsx,ASTM D882 results SABAROLL 6 - ,ASTM_D882_results_SABAROLL_6_-,ASTM_D882_results_SABAROLL_6_--1,1,100.0,0.89,25.4,22.606,1671294076.263869,1.671294076263869,0.9989984091760824,97,0.0,0.0165,TR4-6 BI,"Ball-Impact, Wave-4",,
2025-12-03T22:39:28.360757,temp_uploaded.xlsx,ASTM D882 results SABAROLL 6 - ,ASTM_D882_results_SABAROLL_6_-,ASTM_D882_results_SABAROLL_6_--2,2,100.0,0.89,25.4,22.606,1665668022.0628395,1.6656680220628397,0.9989400695271436,97,0.0,0.0165,TR4-6 BI,"Ball-Impact, Wave-4",,
2025-12-03T22:39:28.360757,temp_uploaded.xlsx,ASTM D882 results SABAROLL 6 - ,ASTM_D882_results_SABAROLL_6_-,ASTM_D882_results_SABAROLL_6_--3,3,100.0,0.89,25.4,22.606,1668077193.3923805,1.6680771933923806,0.9989661237777888,98,0.0,0.0165,TR4-6 BI,"Ball-Impact, Wave-4",,
2025-12-03T22:42:19.124900,temp_uploaded.xlsx,ASTM D882 results TR3-2 - BI_1,ASTM_D882_results_TR3-2_-_BI_1,ASTM_D882_results_TR3-2_-_BI_1-1,1,100.0,0.89,25.4,22.606,1438446600.316406,1.438446600316406,0.997837058508338,119,0.0,0.02,TR3-2 BI,"Ball-Impact, Wave-3",,
2025-12-03T22:42:19.124900,temp_uploaded.xlsx,ASTM D882 results TR3-2 - BI_1,ASTM_D882_results_TR3-2_-_BI_1,ASTM_D882_results_TR3-2_-_BI_1-2,2,100.0,0.89,25.4,22.606,1437640221.894012,1.437640221894012,0.9975543737147068,120,0.0,0.02,TR3-2 BI,"Ball-Impact, Wave-3",,
2025-12-03T22:42:19.124900,temp_uploaded.xlsx,ASTM D882 results TR3-2 - BI_1,ASTM_D882_results_TR3-2_-_BI_1,ASTM_D882_results_TR3-2_-_BI_1-3,3,100.0,0.89,25.4,22.606,1388008850.1556363,1.3880088501556362,0.9983043579216684,120,0.0,0.02,TR3-2 BI,"Ball-Impact, Wave-3",,
2025-12-03T22:43:30.513724,temp_uploaded.xlsx,ASTM D882 results TR3-4 - BI_1,ASTM_D882_results_TR3-4_-_BI_1,ASTM_D882_results_TR3-4_-_BI_1-1,1,125.0,1.5,25.4,38.1,1679459697.082032,1.679459697082032,0.9994649570239944,262,0.0,0.009,TR3-4 BI,"Ball-Impact, Wave-3",,
2025-12-03T22:43:30.515229,temp_uploaded.xlsx,ASTM D882 results TR3-4 - BI_1,ASTM_D882_results_TR3-4_-_BI_1,ASTM_D882_results_TR3-4_-_BI_1-2,2,125.0,1.5,25.4,38.1,1637745993.9724991,1.6377459939724992,0.9997517575551284,266,0.0,0.009,TR3-4 BI,"Ball-Impact, Wave-3",,
2025-12-03T22:43:30.515229,temp_uploaded.xlsx,ASTM D882 results TR3-4 - BI_1,ASTM_D882_results_TR3-4_-_BI_1,ASTM_D882_results_TR3-4_-_BI_1-3,3,125.0,1.5,25.4,38.1,1623095449.3219378,1.6230954493219378,0.999568246834901,267,0.0,0.009,TR3-4 BI,"Ball-Impact, Wave-3",,
2025-12-03T22:48:43.902672,temp_uploaded.xlsx,ASTM D882 TR4-1 -Control,ASTM_D882_TR4-1_-Control,ASTM_D882_TR4-1_-Control-1,1,100.0,0.89,25.4,22.606,1595154589.9102137,1.5951545899102135,0.9989669883291556,102,0.0,0.017,TR4-1,"High-IV, Wave-4",,
2025-12-03T22:48:43.903682,temp_uploaded.xlsx,ASTM D882 TR4-1 -Control,ASTM_D882_TR4-1_-Control,ASTM_D882_TR4-1_-Control-2,2,100.0,0.89,25.4,22.606,1648397624.3634577,1.6483976243634575,0.9988080140221433,102,0.0,0.017,TR4-1,"High-IV, Wave-4",,
2025-12-03T22:48:43.903682,temp_uploaded.xlsx,ASTM D882 TR4-1 -Control,ASTM_D882_TR4-1_-Control,ASTM_D882_TR4-1_-Control-3,3,100.0,0.89,25.4,22.606,1681778659.6317892,1.6817786596317892,0.9987970886626576,101,0.0,0.017,TR4-1,"High-IV, Wave-4",,
2025-12-03T22:48:43.903682,temp_uploaded.xlsx,ASTM D882 TR4-1 -Control,ASTM_D882_TR4-1_-Control,ASTM_D882_TR4-1_-Control-4,4,100.0,0.89,25.4,22.606,1634907276.6347013,1.6349072766347013,0.9985565419180508,102,0.0,0.017,TR4-1,"High-IV, Wave-4",,
2025-12-03T22:48:43.903682,temp_uploaded.xlsx,ASTM D882 TR4-1 -Control,ASTM_D882_TR4-1_-Control,ASTM_D882_TR4-1_-Control-5,5,100.0,0.89,25.4,22.606,1650728820.8358357,1.6507288208358355,0.9987181662351414,102,0.0,0.017,TR4-1,"High-IV, Wave-4",,
2025-12-03T22:49:21.081353,temp_uploaded.xlsx,ASTM D882 TR4-3 -Control,ASTM_D882_TR4-3_-Control,ASTM_D882_TR4-3_-Control-1,1,100.0,0.89,25.4,22.606,1430858529.8308165,1.4308585298308163,0.9995710089011112,415,0.0,0.018,TR4-3,Wave-4,,
2025-12-03T22:49:21.081353,temp_uploaded.xlsx,ASTM D882 TR4-3 -Control,ASTM_D882_TR4-3_-Control,ASTM_D882_TR4-3_-Control-2,2,100.0,0.89,25.4,22.606,1397879562.5310392,1.3978795625310392,0.9995378120965562,417,0.0,0.018,TR4-3,Wave-4,,
2025-12-03T22:49:21.082353,temp_uploaded.xlsx,ASTM D882 TR4-3 -Control,ASTM_D882_TR4-3_-Control,ASTM_D882_TR4-3_-Control-3,3,100.0,0.89,25.4,22.606,1480529512.4422944,1.4805295124422944,0.9994347957711928,416,0.0,0.018,TR4-3,Wave-4,,
2025-12-03T22:49:21.082353,temp_uploaded.xlsx,ASTM D882 TR4-3 -Control,ASTM_D882_TR4-3_-Control,ASTM_D882_TR4-3_-Control-4,4,100.0,0.89,25.4,22.606,1452432174.1202624,1.4524321741202624,0.9995368629602112,416,0.0,0.018,TR4-3,Wave-4,,
2025-12-03T22:49:21.082353,temp_uploaded.xlsx,ASTM D882 TR4-3 -Control,ASTM_D882_TR4-3_-Control,ASTM_D882_TR4-3_-Control-5,5,100.0,0.89,25.4,22.606,1438563748.6403277,1.4385637486403278,0.9995997981718748,416,0.0,0.018,TR4-3,Wave-4,,
2025-12-03T22:49:59.414222,temp_uploaded.xlsx,ASTM D882 TR4-6 -Control,ASTM_D882_TR4-6_-Control,ASTM_D882_TR4-6_-Control-1,1,100.0,0.89,25.4,22.606,1678532615.8433204,1.6785326158433205,0.9991305713541144,96,0.0,0.016,TR4-6,Wave-4,,
2025-12-03T22:49:59.414222,temp_uploaded.xlsx,ASTM D882 TR4-6 -Control,ASTM_D882_TR4-6_-Control,ASTM_D882_TR4-6_-Control-2,2,100.0,0.89,25.4,22.606,1679800022.0004818,1.6798000220004818,0.999076607232792,96,0.0,0.016,TR4-6,Wave-4,,
2025-12-03T22:49:59.414222,temp_uploaded.xlsx,ASTM D882 TR4-6 -Control,ASTM_D882_TR4-6_-Control,ASTM_D882_TR4-6_-Control-3,3,100.0,0.89,25.4,22.606,1712243998.5369678,1.7122439985369675,0.9989081793545342,96,0.0,0.016,TR4-6,Wave-4,,
2025-12-03T22:49:59.414222,temp_uploaded.xlsx,ASTM D882 TR4-6 -Control,ASTM_D882_TR4-6_-Control,ASTM_D882_TR4-6_-Control-4,4,100.0,0.89,25.4,22.606,1739859625.0478525,1.7398596250478522,0.9997023128181134,93,0.0,0.016,TR4-6,Wave-4,,
2025-12-03T22:49:59.415222,temp_uploaded.xlsx,ASTM D882 TR4-6 -Control,ASTM_D882_TR4-6_-Control,ASTM_D882_TR4-6_-Control-5,5,100.0,0.89,25.4,22.606,1676570669.5473847,1.6765706695473848,0.999254303318984,95,0.0,0.016,TR4-6,Wave-4,,
2025-12-03T23:16:07.042934,temp_uploaded.xlsx,ASTM D882 results SR3 TR1 - BI_,ASTM_D882_results_SR3_TR1_-_BI_,ASTM_D882_results_SR3_TR1_-_BI_-1,1,125.0,0.89,25.4,22.606,1874480551.4368849,1.874480551436885,0.9994173963080436,405,0.0006,0.0139999999999999,TR3-1 BI,"Ball-Impact, Wave-3",,
2025-12-03T23:16:07.042934,temp_uploaded.xlsx,ASTM D882 results SR3 TR1 - BI_,ASTM_D882_results_SR3_TR1_-_BI_,ASTM_D882_results_SR3_TR1_-_BI_-2,2,125.0,0.89,25.4,22.606,1814502917.209279,1.814502917209279,0.9995398380432824,403,0.0006,0.0139999999999999,TR3-1 BI,"Ball-Impact, Wave-3",,
2025-12-03T23:16:07.043935,temp_uploaded.xlsx,ASTM D882 results SR3 TR1 - BI_,ASTM_D882_results_SR3_TR1_-_BI_,ASTM_D882_results_SR3_TR1_-_BI_-3,3,125.0,0.89,25.4,22.606,1821779678.2919588,1.8217796782919589,0.9995632547416158,402,0.0006,0.0139999999999999,TR3-1 BI,"Ball-Impact, Wave-3",,
2025-12-03T23:18:21.825970,temp_uploaded.xlsx,ASTM D882 results SR3 TR1 - Con,ASTM_D882_results_SR3_TR1_-_Con,ASTM_D882_results_SR3_TR1_-_Con-1,1,125.0,0.89,25.4,22.606,1739546547.1668012,1.7395465471668012,0.9984846367812606,300,0.005,0.015,TR3-1,Wave-3,,
2025-12-03T23:18:21.825970,temp_uploaded.xlsx,ASTM D882 results SR3 TR1 - Con,ASTM_D882_results_SR3_TR1_-_Con,ASTM_D882_results_SR3_TR1_-_Con-2,2,125.0,0.89,25.4,22.606,1818690187.5349667,1.8186901875349668,0.9995851466341756,300,0.005,0.015,TR3-1,Wave-3,,
2025-12-03T23:18:21.825970,temp_uploaded.xlsx,ASTM D882 results SR3 TR1 - Con,ASTM_D882_results_SR3_TR1_-_Con,ASTM_D882_results_SR3_TR1_-_Con-3,3,125.0,0.89,25.4,22.606,1746972624.5632305,1.7469726245632304,0.9981976193533844,299,0.005,0.015,TR3-1,Wave-3,,
2025-12-03T23:18:21.826977,temp_uploaded.xlsx,ASTM D882 results SR3 TR1 - Con,ASTM_D882_results_SR3_TR1_-_Con,ASTM_D882_results_SR3_TR1_-_Con-4,4,125.0,0.89,25.4,22.606,1760271829.1829052,1.7602718291829051,0.9974777279888064,300,0.005,0.015,TR3-1,Wave-3,,
2025-12-03T23:18:21.826977,temp_uploaded.xlsx,ASTM D882 results SR3 TR1 - Con,ASTM_D882_results_SR3_TR1_-_Con,ASTM_D882_results_SR3_TR1_-_Con-5,5,125.0,0.89,25.4,22.606,1733775302.3178556,1.7337753023178557,0.9979796412420784,299,0.005,0.015,TR3-1,Wave-3,,
2025-12-08T20:29:08.693035,temp_uploaded.xlsx,SR1 TR1,SR1_TR1,SR1_TR1-1,1,125.0,0.86,25.4,21.844,1894001984.7942195,1.89400198479422,0.9997598737916508,360,0.003,0.0149999999999999,TR1-1,Wave-1,,
2025-12-08T20:29:08.693908,temp_uploaded.xlsx,SR1 TR1,SR1_TR1,SR1_TR1-2,2,125.0,0.86,25.4,21.844,1915850855.13463,1.91585085513463,0.999798909618306,360,0.003,0.0149999999999999,TR1-1,Wave-1,,
2025-12-08T20:29:08.694509,temp_uploaded.xlsx,SR1 TR1,SR1_TR1,SR1_TR1-3,3,125.0,0.86,25.4,21.844,1848808460.054822,1.848808460054822,0.9998307823872012,361,0.003,0.0149999999999999,TR1-1,Wave-1,,
2025-12-08T20:29:08.695124,temp_uploaded.xlsx,SR1 TR1,SR1_TR1,SR1_TR1-4,4,125.0,0.86,25.4,21.844,1874745205.0645688,1.8747452050645688,0.9997296590129856,360,0.003,0.0149999999999999,TR1-1,Wave-1,,
2025-12-08T20:29:08.695837,temp_uploaded.xlsx,SR1 TR1,SR1_TR1,SR1_TR1-5,5,125.0,0.86,25.4,21.844,1853648639.9767115,1.853648639976712,0.9998314295276508,361,0.003,0.0149999999999999,TR1-1,Wave-1,,
2025-12-08T20:29:08.696364,temp_uploaded.xlsx,SR1 TR1,SR1_TR1,SR1_TR1-6,6,125.0,0.86,25.4,21.844,1890843977.487789,1.890843977487789,0.9998562354517768,361,0.003,0.0149999999999999,TR1-1,Wave-1,,
2025-12-08T20:35:28.227351,temp_uploaded.xlsx,SR2 TR2 with si,SR2_TR2_with_si,SR2_TR2_with_si-1,1,125.0,0.86,25.4,21.844,1911437051.882716,1.911437051882716,0.9998354552950752,300,0.005,0.0149999999999999,TR2-2 Si,"Si, Wave-2",,
2025-12-08T20:35:28.227973,temp_uploaded.xlsx,SR2 TR2 with si,SR2_TR2_with_si,SR2_TR2_with_si-2,2,125.0,0.86,25.4,21.844,1850945231.882106,1.850945231882106,0.9996008434661,300,0.005,0.0149999999999999,TR2-2 Si,"Si, Wave-2",,
2025-12-08T20:35:28.228718,temp_uploaded.xlsx,SR2 TR2 with si,SR2_TR2_with_si,SR2_TR2_with_si-3,3,125.0,0.86,25.4,21.844,1828031241.9476488,1.8280312419476488,0.9997831164704964,300,0.005,0.0149999999999999,TR2-2 Si,"Si, Wave-2",,
2025-12-08T20:35:28.229515,temp_uploaded.xlsx,SR2 TR2 with si,SR2_TR2_with_si,SR2_TR2_with_si-4,4,125.0,0.86,25.4,21.844,1797610274.727795,1.7976102747277949,0.999524368606996,300,0.005,0.0149999999999999,TR2-2 Si,"Si, Wave-2",,
2025-12-08T20:35:28.230020,temp_uploaded.xlsx,SR2 TR2 with si,SR2_TR2_with_si,SR2_TR2_with_si-5,5,125.0,0.86,25.4,21.844,1788800858.4545035,1.7888008584545034,0.99986613553389,300,0.005,0.0149999999999999,TR2-2 Si,"Si, Wave-2",,
2025-12-08T20:35:28.230544,temp_uploaded.xlsx,SR2 TR2 with si,SR2_TR2_with_si,SR2_TR2_with_si-6,6,125.0,0.86,25.4,21.844,1831962617.150437,1.8319626171504373,0.9998364632561384,300,0.005,0.0149999999999999,TR2-2 Si,"Si, Wave-2",,
2025-12-08T20:37:11.159942,temp_uploaded.xlsx,SR4 TR2,SR4_TR2,SR4_TR2-1,1,125.0,0.89,25.4,22.606,1775438358.7495933,1.7754383587495932,0.9997257753769122,300,0.004,0.0139999999999999,TR2-4,Wave-2,,
2025-12-08T20:37:11.160554,temp_uploaded.xlsx,SR4 TR2,SR4_TR2,SR4_TR2-2,2,125.0,0.89,25.4,22.606,1741673906.092169,1.741673906092169,0.9998387039771246,300,0.004,0.0139999999999999,TR2-4,Wave-2,,
2025-12-08T20:37:11.161267,temp_uploaded.xlsx,SR4 TR2,SR4_TR2,SR4_TR2-3,3,125.0,0.89,25.4,22.606,1804884578.234077,1.804884578234077,0.9997701033768216,300,0.004,0.0139999999999999,TR2-4,Wave-2,,
2025-12-08T20:37:11.161697,temp_uploaded.xlsx,SR4 TR2,SR4_TR2,SR4_TR2-4,4,125.0,0.89,25.4,22.606,1777566903.4656086,1.7775669034656083,0.99983158964778,300,0.004,0.0139999999999999,TR2-4,Wave-2,,
2025-12-08T20:37:11.162162,temp_uploaded.xlsx,SR4 TR2,SR4_TR2,SR4_TR2-5,5,125.0,0.89,25.4,22.606,1848999637.9024231,1.8489996379024232,0.9998302667932591,300,0.004,0.0139999999999999,TR2-4,Wave-2,,
2025-12-08T20:37:11.162572,temp_uploaded.xlsx,SR4 TR2,SR4_TR2,SR4_TR2-6,6,125.0,0.89,25.4,22.606,1832835875.821586,1.832835875821586,0.9998893155834692,300,0.004,0.0139999999999999,TR2-4,Wave-2,,
2025-12-08T20:38:44.923213,temp_uploaded.xlsx,SR9 TR1,SR9_TR1,SR9_TR1-1,1,125.0,0.94,25.4,23.876,1842324629.415043,1.842324629415043,0.9998855639640558,300,0.004,0.0139999999999999,TR1-9,Wave-1,,
2025-12-08T20:38:44.923733,temp_uploaded.xlsx,SR9 TR1,SR9_TR1,SR9_TR1-2,2,125.0,0.94,25.4,23.876,1761269559.9005866,1.7612695599005863,0.9998508532347338,300,0.004,0.0139999999999999,TR1-9,Wave-1,,
2025-12-08T20:38:44.924510,temp_uploaded.xlsx,SR9 TR1,SR9_TR1,SR9_TR1-3,3,125.0,0.94,25.4,23.876,1808034262.301727,1.8080342623017271,0.9998554149212108,300,0.004,0.0139999999999999,TR1-9,Wave-1,,
2025-12-08T20:38:44.924969,temp_uploaded.xlsx,SR9 TR1,SR9_TR1,SR9_TR1-4,4,125.0,0.94,25.4,23.876,1829715676.4529028,1.8297156764529028,0.999820891876766,300,0.004,0.0139999999999999,TR1-9,Wave-1,,
2025-12-08T20:38:44.925449,temp_uploaded.xlsx,SR9 TR1,SR9_TR1,SR9_TR1-5,5,125.0,0.94,25.4,23.876,1869988780.669128,1.869988780669128,0.9998249684242936,300,0.004,0.0139999999999999,TR1-9,Wave-1,,
2025-12-08T20:38:44.925877,temp_uploaded.xlsx,SR9 TR1,SR9_TR1,SR9_TR1-6,6,125.0,0.94,25.4,23.876,1803558069.1693115,1.803558069169312,0.9998415457214096,301,0.004,0.0139999999999999,TR1-9,Wave-1,,
2025-12-08T20:40:23.375626,temp_uploaded.xlsx,SR10 TR1,SR10_TR1,SR10_TR1-1,1,125.0,0.94,25.4,23.876,1760574010.9397058,1.760574010939706,0.9997774633511974,269,0.004,0.0129999999999999,TR1-10,Wave-1,,
2025-12-08T20:40:23.376281,temp_uploaded.xlsx,SR10 TR1,SR10_TR1,SR10_TR1-2,2,125.0,0.94,25.4,23.876,1874610223.4740944,1.874610223474095,0.9997665268888632,269,0.004,0.0129999999999999,TR1-10,Wave-1,,
2025-12-08T20:40:23.377176,temp_uploaded.xlsx,SR10 TR1,SR10_TR1,SR10_TR1-3,3,125.0,0.94,25.4,23.876,1878621481.3703413,1.8786214813703417,0.9999210986202391,270,0.004,0.0129999999999999,TR1-10,Wave-1,,
2025-12-08T20:40:23.377620,temp_uploaded.xlsx,SR10 TR1,SR10_TR1,SR10_TR1-4,4,125.0,0.94,25.4,23.876,1913223923.506974,1.913223923506974,0.9999144487226668,270,0.004,0.0129999999999999,TR1-10,Wave-1,,
2025-12-08T20:40:23.378039,temp_uploaded.xlsx,SR10 TR1,SR10_TR1,SR10_TR1-5,5,125.0,0.94,25.4,23.876,1877351865.8238912,1.8773518658238912,0.9998718196532164,270,0.004,0.0129999999999999,TR1-10,Wave-1,,
2025-12-08T20:40:23.378517,temp_uploaded.xlsx,SR10 TR1,SR10_TR1,SR10_TR1-6,6,125.0,0.94,25.4,23.876,1901608019.1003685,1.9016080191003684,0.9998793881795004,270,0.004,0.0129999999999999,TR1-10,Wave-1,,
2025-12-08T20:42:22.891750,temp_uploaded.xlsx,SR11 TR1,SR11_TR1,SR11_TR1-1,1,125.0,0.86,25.4,21.844,1867908682.66066,1.86790868266066,0.999828603218136,240,0.006,0.0139999999999999,TR1-11,Wave-1,,
2025-12-08T20:42:22.892576,temp_uploaded.xlsx,SR11 TR1,SR11_TR1,SR11_TR1-2,2,125.0,0.86,25.4,21.844,1942086392.6237247,1.9420863926237248,0.9999580667438996,241,0.006,0.0139999999999999,TR1-11,Wave-1,,
2025-12-08T20:42:22.893096,temp_uploaded.xlsx,SR11 TR1,SR11_TR1,SR11_TR1-3,3,125.0,0.86,25.4,21.844,1869548709.7635984,1.8695487097635983,0.9999089885238692,240,0.006,0.0139999999999999,TR1-11,Wave-1,,
2025-12-08T20:42:22.893870,temp_uploaded.xlsx,SR11 TR1,SR11_TR1,SR11_TR1-4,4,125.0,0.86,25.4,21.844,1826837300.8816323,1.8268373008816323,0.9998269762511338,240,0.006,0.0139999999999999,TR1-11,Wave-1,,
2025-12-08T20:42:22.894366,temp_uploaded.xlsx,SR11 TR1,SR11_TR1,SR11_TR1-5,5,125.0,0.86,25.4,21.844,1856504813.14456,1.85650481314456,0.9999157939692428,240,0.006,0.0139999999999999,TR1-11,Wave-1,,
2025-12-08T20:42:22.894817,temp_uploaded.xlsx,SR11 TR1,SR11_TR1,SR11_TR1-6,6,125.0,0.86,25.4,21.844,1774963971.0216608,1.7749639710216607,0.999749241639788,240,0.006,0.0139999999999999,TR1-11,Wave-1,,
2025-12-08T20:48:53.318352,temp_uploaded.xlsx,SR1 -TR2,SR1_-TR2,SR1_-TR2-1,1,125.0,0.89,25.4,22.606,1773522495.8813264,1.7735224958813265,0.9997646410023412,360,0.002,0.0139999999999999,TR2-1,Wave-2,,
2025-12-08T20:48:53.319135,temp_uploaded.xlsx,SR1 -TR2,SR1_-TR2,SR1_-TR2-2,2,125.0,0.89,25.4,22.606,1789792741.5157866,1.7897927415157866,0.9997831219572416,360,0.002,0.0139999999999999,TR2-1,Wave-2,,
2025-12-08T20:48:53.319847,temp_uploaded.xlsx,SR1 -TR2,SR1_-TR2,SR1_-TR2-3,3,125.0,0.89,25.4,22.606,1844531189.560976,1.844531189560976,0.9997085637298524,361,0.002,0.0139999999999999,TR2-1,Wave-2,,
2025-12-08T20:48:53.320539,temp_uploaded.xlsx,SR1 -TR2,SR1_-TR2,SR1_-TR2-4,4,125.0,0.89,25.4,22.606,1813989994.401177,1.813989994401177,0.9997263384215302,360,0.002,0.0139999999999999,TR2-1,Wave-2,,
2025-12-08T20:48:53.321208,temp_uploaded.xlsx,SR1 -TR2,SR1_-TR2,SR1_-TR2-5,5,125.0,0.89,25.4,22.606,1723584789.509019,1.7235847895090188,0.9997694337118908,361,0.002,0.0139999999999999,TR2-1,Wave-2,,
2025-12-08T20:54:16.514968,temp_uploaded.xlsx,EASTMAN EN001 - BI_1,EASTMAN_EN001_-_BI_1,EASTMAN_EN001_-_BI_1-1,1,100.0,0.9,25.4,22.86,1584770331.6296012,1.5847703316296011,0.999715315504831,96,0.004,0.02,EN001 BI,"Ball-Impact, CHDM, Eastman",,
2025-12-08T20:54:16.515566,temp_uploaded.xlsx,EASTMAN EN001 - BI_1,EASTMAN_EN001_-_BI_1,EASTMAN_EN001_-_BI_1-2,2,100.0,0.9,25.4,22.86,1623464377.5204844,1.6234643775204844,0.9997915760192552,96,0.004,0.02,EN001 BI,"Ball-Impact, CHDM, Eastman",,
2025-12-08T20:54:16.516153,temp_uploaded.xlsx,EASTMAN EN001 - BI_1,EASTMAN_EN001_-_BI_1,EASTMAN_EN001_-_BI_1-3,3,100.0,0.9,25.4,22.86,1622218317.456215,1.6222183174562148,0.9997386578523948,96,0.004,0.02,EN001 BI,"Ball-Impact, CHDM, Eastman",,
2025-12-08T20:55:37.560655,temp_uploaded.xlsx,TR4-4 - Control_1,TR4-4_-_Control_1,TR4-4_-_Control_1-1,1,100.0,0.89,25.4,22.606,1710796466.3589892,1.7107964663589892,0.9996532056209132,84,0.005,0.019,TR4-4,"Impact-Modifier, Wave-4",,
2025-12-08T20:55:37.561174,temp_uploaded.xlsx,TR4-4 - Control_1,TR4-4_-_Control_1,TR4-4_-_Control_1-2,2,100.0,0.89,25.4,22.606,1763796091.0904264,1.7637960910904265,0.9996464439800716,84,0.005,0.019,TR4-4,"Impact-Modifier, Wave-4",,
2025-12-08T20:55:37.561683,temp_uploaded.xlsx,TR4-4 - Control_1,TR4-4_-_Control_1,TR4-4_-_Control_1-3,3,100.0,0.89,25.4,22.606,1711396210.8305132,1.7113962108305132,0.999743569003062,84,0.005,0.019,TR4-4,"Impact-Modifier, Wave-4",,
2025-12-08T20:55:37.562168,temp_uploaded.xlsx,TR4-4 - Control_1,TR4-4_-_Control_1,TR4-4_-_Control_1-4,4,100.0,0.89,25.4,22.606,1721976076.6216316,1.7219760766216317,0.9997036085929284,84,0.005,0.019,TR4-4,"Impact-Modifier, Wave-4",,
2025-12-08T20:55:37.562625,temp_uploaded.xlsx,TR4-4 - Control_1,TR4-4_-_Control_1,TR4-4_-_Control_1-5,5,100.0,0.89,25.4,22.606,1720470196.7789786,1.7204701967789786,0.999808692532523,84,0.005,0.019,TR4-4,"Impact-Modifier, Wave-4",,
2025-12-08T20:56:20.904078,temp_uploaded.xlsx,TR4-5 - BI_1,TR4-5_-_BI_1,TR4-5_-_BI_1-1,1,100.0,0.89,25.4,22.606,1689800442.0558777,1.6898004420558776,0.9995751153245092,90,0.005,0.02,TR4-5 BI,"Ball-Impact, Impact-Modifier, Wave-4",,
2025-12-08T20:56:20.904769,temp_uploaded.xlsx,TR4-5 - BI_1,TR4-5_-_BI_1,TR4-5_-_BI_1-2,2,100.0,0.89,25.4,22.606,1615054329.313559,1.615054329313559,0.999705571268276,90,0.005,0.02,TR4-5 BI,"Ball-Impact, Impact-Modifier, Wave-4",,
2025-12-08T20:56:20.905293,temp_uploaded.xlsx,TR4-5 - BI_1,TR4-5_-_BI_1,TR4-5_-_BI_1-3,3,100.0,0.89,25.4,22.606,1723390012.0206666,1.7233900120206669,0.9996496498596756,90,0.005,0.02,TR4-5 BI,"Ball-Impact, Impact-Modifier, Wave-4",,
2025-12-08T20:57:15.850510,temp_uploaded.xlsx,TR3-3 - BI_1,TR3-3_-_BI_1,TR3-3_-_BI_1-1,1,125.0,1.2,25.4,30.48,1630027560.193644,1.630027560193644,0.9996261195256834,390,0.003,0.0159999999999999,TR3-3 BI,"Ball-Impact, Wave-3",,
2025-12-08T20:57:15.851037,temp_uploaded.xlsx,TR3-3 - BI_1,TR3-3_-_BI_1,TR3-3_-_BI_1-2,2,125.0,1.2,25.4,30.48,1628520561.6339576,1.6285205616339575,0.9996199939330844,390,0.003,0.0159999999999999,TR3-3 BI,"Ball-Impact, Wave-3",,
2025-12-08T20:57:15.851690,temp_uploaded.xlsx,TR3-3 - BI_1,TR3-3_-_BI_1,TR3-3_-_BI_1-3,3,125.0,1.2,25.4,30.48,1630568164.770008,1.630568164770008,0.9996548907356436,391,0.003,0.0159999999999999,TR3-3 BI,"Ball-Impact, Wave-3",,
2025-12-08T20:58:12.232075,temp_uploaded.xlsx,TR3-3 - Control_1,TR3-3_-_Control_1,TR3-3_-_Control_1-1,1,125.0,1.2,25.4,30.48,1666607274.181296,1.666607274181296,0.9996564869778468,391,0.003,0.0159999999999999,TR3-3,Wave-3,,
2025-12-08T20:58:12.232789,temp_uploaded.xlsx,TR3-3 - Control_1,TR3-3_-_Control_1,TR3-3_-_Control_1-2,2,125.0,1.2,25.4,30.48,1672580799.5367303,1.6725807995367306,0.9996726352907988,391,0.003,0.0159999999999999,TR3-3,Wave-3,,
2025-12-08T20:58:12.233418,temp_uploaded.xlsx,TR3-3 - Control_1,TR3-3_-_Control_1,TR3-3_-_Control_1-3,3,125.0,1.2,25.4,30.48,1630353667.829208,1.630353667829208,0.9996859219703772,390,0.003,0.0159999999999999,TR3-3,Wave-3,,
2025-12-08T20:58:12.233875,temp_uploaded.xlsx,TR3-3 - Control_1,TR3-3_-_Control_1,TR3-3_-_Control_1-4,4,125.0,1.2,25.4,30.48,1677273039.6505558,1.6772730396505555,0.999667545956068,390,0.003,0.0159999999999999,TR3-3,Wave-3,,
2025-12-08T20:58:12.234322,temp_uploaded.xlsx,TR3-3 - Control_1,TR3-3_-_Control_1,TR3-3_-_Control_1-5,5,125.0,1.2,25.4,30.48,1677550468.264118,1.677550468264118,0.9996309222002164,391,0.003,0.0159999999999999,TR3-3,Wave-3,,
2025-12-08T20:59:19.737276,temp_uploaded.xlsx,TR3-5 - BI_1,TR3-5_-_BI_1,TR3-5_-_BI_1-1,1,125.0,1.8,25.4,45.72,1528407418.1509392,1.5284074181509393,0.999666854962226,241,0.003,0.0109999999999999,TR3-5 BI,"Ball-Impact, Wave-3",,
2025-12-08T20:59:19.738668,temp_uploaded.xlsx,TR3-5 - BI_1,TR3-5_-_BI_1,TR3-5_-_BI_1-2,2,125.0,1.8,25.4,45.72,1493250680.483486,1.493250680483486,0.9996789054815506,240,0.003,0.0109999999999999,TR3-5 BI,"Ball-Impact, Wave-3",,
2025-12-08T20:59:19.739202,temp_uploaded.xlsx,TR3-5 - BI_1,TR3-5_-_BI_1,TR3-5_-_BI_1-3,3,125.0,1.8,25.4,45.72,1515134111.501238,1.515134111501238,0.9996932940207612,241,0.003,0.0109999999999999,TR3-5 BI,"Ball-Impact, Wave-3",,
2025-12-08T21:03:57.574477,temp_uploaded.xlsx,TR3-5 - Control_1,TR3-5_-_Control_1,TR3-5_-_Control_1-1,1,125.0,1.8,25.4,45.72,1521123749.307607,1.5211237493076069,0.999819470120514,210,0.004,0.0109999999999999,TR3-5,Wave-3,,
2025-12-08T21:03:57.575198,temp_uploaded.xlsx,TR3-5 - Control_1,TR3-5_-_Control_1,TR3-5_-_Control_1-2,2,125.0,1.8,25.4,45.72,1525509171.3696294,1.5255091713696294,0.999647369750708,210,0.004,0.0109999999999999,TR3-5,Wave-3,,
2025-12-08T21:03:57.575692,temp_uploaded.xlsx,TR3-5 - Control_1,TR3-5_-_Control_1,TR3-5_-_Control_1-3,3,125.0,1.8,25.4,45.72,1495264387.8080404,1.4952643878080405,0.9996999862588988,210,0.004,0.0109999999999999,TR3-5,Wave-3,,
2025-12-08T21:03:57.576165,temp_uploaded.xlsx,TR3-5 - Control_1,TR3-5_-_Control_1,TR3-5_-_Control_1-4,4,125.0,1.8,25.4,45.72,1478359021.3147223,1.4783590213147224,0.9996397661229304,210,0.004,0.0109999999999999,TR3-5,Wave-3,,
2025-12-08T21:03:57.576593,temp_uploaded.xlsx,TR3-5 - Control_1,TR3-5_-_Control_1,TR3-5_-_Control_1-5,5,125.0,1.8,25.4,45.72,1499496650.8110292,1.4994966508110292,0.999706484680274,210,0.004,0.0109999999999999,TR3-5,Wave-3,,
2025-12-08T21:04:46.216222,temp_uploaded.xlsx,TR3-6 - BI_1,TR3-6_-_BI_1,TR3-6_-_BI_1-1,1,125.0,0.89,25.4,22.606,1805616156.82661,1.80561615682661,0.9997215964430656,419,0.004,0.018,TR3-6 BI,"Ball-Impact, Wave-3",,
2025-12-08T21:04:46.216729,temp_uploaded.xlsx,TR3-6 - BI_1,TR3-6_-_BI_1,TR3-6_-_BI_1-2,2,125.0,0.89,25.4,22.606,1789545558.2094395,1.7895455582094395,0.9997130485409864,419,0.004,0.018,TR3-6 BI,"Ball-Impact, Wave-3",,
2025-12-08T21:04:46.217245,temp_uploaded.xlsx,TR3-6 - BI_1,TR3-6_-_BI_1,TR3-6_-_BI_1-3,3,125.0,0.89,25.4,22.606,1826342836.1113768,1.8263428361113767,0.9997222309209756,420,0.004,0.018,TR3-6 BI,"Ball-Impact, Wave-3",,
2025-12-08T21:05:34.639097,temp_uploaded.xlsx,TR3-6 - Control_1,TR3-6_-_Control_1,TR3-6_-_Control_1-1,1,125.0,0.89,25.4,22.606,1809118260.738262,1.8091182607382617,0.9997007306221136,420,0.004,0.018,TR3-6,Wave-3,,
2025-12-08T21:05:34.639837,temp_uploaded.xlsx,TR3-6 - Control_1,TR3-6_-_Control_1,TR3-6_-_Control_1-2,2,125.0,0.89,25.4,22.606,1807369469.3519745,1.8073694693519744,0.999738490288778,420,0.004,0.018,TR3-6,Wave-3,,
2025-12-08T21:05:34.640563,temp_uploaded.xlsx,TR3-6 - Control_1,TR3-6_-_Control_1,TR3-6_-_Control_1-3,3,125.0,0.89,25.4,22.606,1790574109.7670918,1.7905741097670915,0.9997533084255488,419,0.004,0.018,TR3-6,Wave-3,,
2025-12-08T21:05:34.641016,temp_uploaded.xlsx,TR3-6 - Control_1,TR3-6_-_Control_1,TR3-6_-_Control_1-4,4,125.0,0.89,25.4,22.606,1812525653.1688995,1.8125256531689,0.9997323601331743,419,0.004,0.018,TR3-6,Wave-3,,
2025-12-08T21:05:34.641513,temp_uploaded.xlsx,TR3-6 - Control_1,TR3-6_-_Control_1,TR3-6_-_Control_1-5,5,125.0,0.89,25.4,22.606,1835623291.714992,1.835623291714992,0.9997242946420126,419,0.004,0.018,TR3-6,Wave-3,,
2025-12-08T21:07:03.478177,temp_uploaded.xlsx,TR4-1 - BI_1,TR4-1_-_BI_1,TR4-1_-_BI_1-1,1,125.0,0.89,25.4,22.606,1708908066.2074194,1.7089080662074194,0.9994516054123578,479,0.004,0.02,TR4-1 BI,"Ball-Impact, High-IV, Wave-4",,
2025-12-08T21:07:03.479626,temp_uploaded.xlsx,TR4-1 - BI_1,TR4-1_-_BI_1,TR4-1_-_BI_1-2,2,125.0,0.89,25.4,22.606,1723204582.3268106,1.7232045823268105,0.999415481503552,480,0.004,0.02,TR4-1 BI,"Ball-Impact, High-IV, Wave-4",,
2025-12-08T21:07:03.480677,temp_uploaded.xlsx,TR4-1 - BI_1,TR4-1_-_BI_1,TR4-1_-_BI_1-3,3,125.0,0.89,25.4,22.606,1701343627.5371785,1.7013436275371785,0.9994448292711072,479,0.004,0.02,TR4-1 BI,"Ball-Impact, High-IV, Wave-4",,
2025-12-08T21:07:51.980048,temp_uploaded.xlsx,TR4-1 - Control_1,TR4-1_-_Control_1,TR4-1_-_Control_1-1,1,125.0,0.89,25.4,22.606,1788701820.0165415,1.7887018200165417,0.9996692775216384,420,0.004,0.018,TR4-1,"High-IV, Wave-4",,
2025-12-08T21:07:51.981022,temp_uploaded.xlsx,TR4-1 - Control_1,TR4-1_-_Control_1,TR4-1_-_Control_1-2,2,125.0,0.89,25.4,22.606,1835251402.208068,1.835251402208068,0.9996699566523336,419,0.004,0.018,TR4-1,"High-IV, Wave-4",,
2025-12-08T21:07:51.981529,temp_uploaded.xlsx,TR4-1 - Control_1,TR4-1_-_Control_1,TR4-1_-_Control_1-3,3,125.0,0.89,25.4,22.606,1689582286.8533216,1.6895822868533217,0.9997245765975222,420,0.004,0.018,TR4-1,"High-IV, Wave-4",,
2025-12-08T21:07:51.981964,temp_uploaded.xlsx,TR4-1 - Control_1,TR4-1_-_Control_1,TR4-1_-_Control_1-4,4,125.0,0.89,25.4,22.606,1713663463.479901,1.713663463479901,0.9996996206016098,420,0.004,0.018,TR4-1,"High-IV, Wave-4",,
2025-12-08T21:07:51.982498,temp_uploaded.xlsx,TR4-1 - Control_1,TR4-1_-_Control_1,TR4-1_-_Control_1-5,5,125.0,0.89,25.4,22.606,1764697531.1521146,1.7646975311521147,0.9996613398932896,419,0.004,0.018,TR4-1,"High-IV, Wave-4",,
2025-12-08T21:08:57.511199,temp_uploaded.xlsx,TR4-4 - BI_1,TR4-4_-_BI_1,TR4-4_-_BI_1-1,1,100.0,0.89,25.4,22.606,1717817683.283757,1.717817683283757,0.9998046669120354,78,0.005,0.018,TR4-4 BI,"Ball-Impact, Impact-Modifier, Wave-4",,
2025-12-08T21:08:57.511668,temp_uploaded.xlsx,TR4-4 - BI_1,TR4-4_-_BI_1,TR4-4_-_BI_1-2,2,100.0,0.89,25.4,22.606,1678979577.808848,1.678979577808848,0.9998066477888716,78,0.005,0.018,TR4-4 BI,"Ball-Impact, Impact-Modifier, Wave-4",,
2025-12-08T21:08:57.512132,temp_uploaded.xlsx,TR4-4 - BI_1,TR4-4_-_BI_1,TR4-4_-_BI_1-3,3,100.0,0.89,25.4,22.606,1726811633.737605,1.7268116337376054,0.9998004144918576,78,0.005,0.018,TR4-4 BI,"Ball-Impact, Impact-Modifier, Wave-4",,
2025-12-08T21:10:29.184886,temp_uploaded.xlsx,TR4-5 - Control_1,TR4-5_-_Control_1,TR4-5_-_Control_1-1,1,100.0,0.89,25.4,22.606,1697456268.56346,1.6974562685634602,0.9997396619170822,84,0.005,0.019,TR4-5,"Impact-Modifier, Wave-4",,
2025-12-08T21:10:29.185394,temp_uploaded.xlsx,TR4-5 - Control_1,TR4-5_-_Control_1,TR4-5_-_Control_1-2,2,100.0,0.89,25.4,22.606,1670695853.3589058,1.6706958533589058,0.9997145722593772,84,0.005,0.019,TR4-5,"Impact-Modifier, Wave-4",,
2025-12-08T21:10:29.185858,temp_uploaded.xlsx,TR4-5 - Control_1,TR4-5_-_Control_1,TR4-5_-_Control_1-3,3,100.0,0.89,25.4,22.606,1715505289.673266,1.715505289673266,0.9997467403790316,84,0.005,0.019,TR4-5,"Impact-Modifier, Wave-4",,
2025-12-08T21:10:29.186363,temp_uploaded.xlsx,TR4-5 - Control_1,TR4-5_-_Control_1,TR4-5_-_Control_1-4,4,100.0,0.89,25.4,22.606,1701522945.207142,1.701522945207142,0.9997573987198888,84,0.005,0.019,TR4-5,"Impact-Modifier, Wave-4",,
2025-12-08T21:10:29.186962,temp_uploaded.xlsx,TR4-5 - Control_1,TR4-5_-_Control_1,TR4-5_-_Control_1-5,5,100.0,0.89,25.4,22.606,1651627721.1506467,1.6516277211506467,0.9997345521998678,84,0.005,0.019,TR4-5,"Impact-Modifier, Wave-4",,
2025-12-08T21:12:55.166564,temp_uploaded.xlsx,EASTMAN001-control-old,EASTMAN001-control-old,EASTMAN001-control-old-1,1,100.0,0.9,25.4,22.86,1053906799.590068,1.0539067995900682,0.9997902356452112,719,0.014,0.026,EN001 - Old-Instron,"CHDM, Eastman, Old-Instron",,
2025-12-08T21:12:55.167131,temp_uploaded.xlsx,EASTMAN001-control-old,EASTMAN001-control-old,EASTMAN001-control-old-2,2,100.0,0.9,25.4,22.86,1194368046.1760306,1.1943680461760309,0.9997137104352922,721,0.014,0.026,EN001 - Old-Instron,"CHDM, Eastman, Old-Instron",,
2025-12-08T21:12:55.167625,temp_uploaded.xlsx,EASTMAN001-control-old,EASTMAN001-control-old,EASTMAN001-control-old-3,3,100.0,0.9,25.4,22.86,1237139566.440919,1.2371395664409188,0.9996828332230452,720,0.014,0.026,EN001 - Old-Instron,"CHDM, Eastman, Old-Instron",,
2025-12-08T21:12:55.168087,temp_uploaded.xlsx,EASTMAN001-control-old,EASTMAN001-control-old,EASTMAN001-control-old-4,4,100.0,0.9,25.4,22.86,1206184257.4746623,1.2061842574746626,0.9997265260550228,731,0.014,0.026,EN001 - Old-Instron,"CHDM, Eastman, Old-Instron",,
2025-12-08T21:12:55.168581,temp_uploaded.xlsx,EASTMAN001-control-old,EASTMAN001-control-old,EASTMAN001-control-old-5,5,100.0,0.9,25.4,22.86,946795410.4887688,0.9467954104887688,0.999627325032804,721,0.014,0.026,EN001 - Old-Instron,"CHDM, Eastman, Old-Instron",,
2025-12-08T21:14:03.191769,temp_uploaded.xlsx,EASTMAN076-control-old,EASTMAN076-control-old,EASTMAN076-control-old-1,1,100.0,0.9,25.4,22.86,1149912795.6888793,1.1499127956888793,0.9997119243865616,600,0.022,0.032,EN076 Old Instron,"CHDM, Eastman, Old-Instron",,
2025-12-08T21:14:03.192530,temp_uploaded.xlsx,EASTMAN076-control-old,EASTMAN076-control-old,EASTMAN076-control-old-2,2,100.0,0.9,25.4,22.86,1108249914.1630588,1.1082499141630588,0.9997044300258134,600,0.022,0.032,EN076 Old Instron,"CHDM, Eastman, Old-Instron",,
2025-12-08T21:14:03.193026,temp_uploaded.xlsx,EASTMAN076-control-old,EASTMAN076-control-old,EASTMAN076-control-old-3,3,100.0,0.9,25.4,22.86,1162188016.0942228,1.1621880160942228,0.9997666062342732,600,0.022,0.032,EN076 Old Instron,"CHDM, Eastman, Old-Instron",,
2025-12-08T21:14:03.193508,temp_uploaded.xlsx,EASTMAN076-control-old,EASTMAN076-control-old,EASTMAN076-control-old-4,4,100.0,0.9,25.4,22.86,1183115221.1704972,1.1831152211704972,0.9997978757244392,601,0.022,0.032,EN076 Old Instron,"CHDM, Eastman, Old-Instron",,
2025-12-08T21:14:03.193934,temp_uploaded.xlsx,EASTMAN076-control-old,EASTMAN076-control-old,EASTMAN076-control-old-5,5,100.0,0.9,25.4,22.86,1278634704.6552627,1.2786347046552626,0.9996142031048648,605,0.022,0.032,EN076 Old Instron,"CHDM, Eastman, Old-Instron",,
2025-12-08T21:15:02.779448,temp_uploaded.xlsx,EASTMAN001-control,EASTMAN001-control,EASTMAN001-control-1,1,100.0,0.9,25.4,22.86,1638464726.0346093,1.6384647260346092,0.9995766022587618,97,0.002,0.018,EN001,"CHDM, Eastman",,
2025-12-08T21:15:02.780156,temp_uploaded.xlsx,EASTMAN001-control,EASTMAN001-control,EASTMAN001-control-2,2,100.0,0.9,25.4,22.86,1606323057.004213,1.6063230570042133,0.9996554911371228,96,0.002,0.018,EN001,"CHDM, Eastman",,
2025-12-08T21:15:02.780618,temp_uploaded.xlsx,EASTMAN001-control,EASTMAN001-control,EASTMAN001-control-3,3,100.0,0.9,25.4,22.86,1648038104.7166846,1.6480381047166843,0.9996646759721162,96,0.002,0.018,EN001,"CHDM, Eastman",,
2025-12-08T21:15:02.781129,temp_uploaded.xlsx,EASTMAN001-control,EASTMAN001-control,EASTMAN001-control-4,4,100.0,0.9,25.4,22.86,1621864694.8804526,1.6218646948804527,0.9996601875195578,96,0.002,0.018,EN001,"CHDM, Eastman",,
2025-12-08T21:15:02.781589,temp_uploaded.xlsx,EASTMAN001-control,EASTMAN001-control,EASTMAN001-control-5,5,100.0,0.9,25.4,22.86,1630034312.6950958,1.6300343126950958,0.9995366930950288,97,0.002,0.018,EN001,"CHDM, Eastman",,
2025-12-08T21:15:35.295155,temp_uploaded.xlsx,EASTMAN076-control,EASTMAN076-control,EASTMAN076-control-1,1,100.0,0.9,25.4,22.86,1658553066.615076,1.658553066615076,0.999461732214148,96,0.002,0.018,EN076,"CHDM, Eastman",,
2025-12-08T21:15:35.295664,temp_uploaded.xlsx,EASTMAN076-control,EASTMAN076-control,EASTMAN076-control-2,2,100.0,0.9,25.4,22.86,1606063065.5290449,1.6060630655290449,0.9995873017580956,96,0.002,0.018,EN076,"CHDM, Eastman",,
2025-12-08T21:15:35.296188,temp_uploaded.xlsx,EASTMAN076-control,EASTMAN076-control,EASTMAN076-control-3,3,100.0,0.9,25.4,22.86,1592790221.347892,1.592790221347892,0.9996361639385098,96,0.002,0.018,EN076,"CHDM, Eastman",,
2025-12-08T21:15:35.296643,temp_uploaded.xlsx,EASTMAN076-control,EASTMAN076-control,EASTMAN076-control-4,4,100.0,0.9,25.4,22.86,1612924010.5509107,1.6129240105509106,0.9996157052447936,96,0.002,0.018,EN076,"CHDM, Eastman",,
2025-12-08T21:15:35.297112,temp_uploaded.xlsx,EASTMAN076-control,EASTMAN076-control,EASTMAN076-control-5,5,100.0,0.9,25.4,22.86,1606707254.7949133,1.6067072547949133,0.9995950461970756,96,0.002,0.018,EN076,"CHDM, Eastman",,
2025-12-08T21:31:17.876722,temp_uploaded.xlsx,TR2-SR1-Crystalline,TR2-SR1-Crystalline,TR2-SR1-Crystalline-1,1,100.0,0.89,25.4,22.606,1655071166.1224363,1.6550711661224362,0.999430630545892,1082,0.004,0.022,TR2-1 Crystalline,"Heat-Treated, Old-Instron, Wave-2",,
2025-12-08T21:31:17.877275,temp_uploaded.xlsx,TR2-SR1-Crystalline,TR2-SR1-Crystalline,TR2-SR1-Crystalline-2,2,100.0,0.89,25.4,22.606,1696026554.1405332,1.6960265541405333,0.9982828571829933,1078,0.004,0.022,TR2-1 Crystalline,"Heat-Treated, Old-Instron, Wave-2",,
2025-12-08T21:31:17.877750,temp_uploaded.xlsx,TR2-SR1-Crystalline,TR2-SR1-Crystalline,TR2-SR1-Crystalline-3,3,100.0,0.89,25.4,22.606,1699475062.115351,1.699475062115351,0.9988286005192832,971,0.004,0.022,TR2-1 Crystalline,"Heat-Treated, Old-Instron, Wave-2",,
2025-12-08T21:33:25.629306,temp_uploaded.xlsx,TR2-SR1-Crystalline BI,TR2-SR1-Crystalline_BI,TR2-SR1-Crystalline_BI-1,1,100.0,0.89,25.4,22.606,1734171476.697601,1.734171476697601,0.9998622097772212,606,0.015,0.025,TR2-SR1-Crystalline BI,"Ball-Impact, Heat-Treated, Old-Instron",,
2025-12-08T21:39:54.910282,temp_uploaded.xlsx,EASTMAN EN076 - BI_1,EASTMAN_EN076_-_BI_1,EASTMAN_EN076_-_BI_1-1,1,100.0,0.9,25.4,22.86,1627081869.4904196,1.6270818694904197,0.9996144053111192,84,0.005,0.019,EN076 BI,"Ball-Impact, CHDM, Eastman",,
2025-12-08T21:39:54.911056,temp_uploaded.xlsx,EASTMAN EN076 - BI_1,EASTMAN_EN076_-_BI_1,EASTMAN_EN076_-_BI_1-2,2,100.0,0.9,25.4,22.86,1619894369.7292953,1.6198943697292951,0.9997115669379372,84,0.005,0.019,EN076 BI,"Ball-Impact, CHDM, Eastman",,
2025-12-08T21:39:54.911624,temp_uploaded.xlsx,EASTMAN EN076 - BI_1,EASTMAN_EN076_-_BI_1,EASTMAN_EN076_-_BI_1-3,3,100.0,0.9,25.4,22.86,1630699217.8219376,1.6306992178219375,0.9996862226212136,84,0.005,0.019,EN076 BI,"Ball-Impact, CHDM, Eastman",,
